killedkenny.wav,killedkenny.wav,killedkenny.wav,killedkenny.wav,killedkenny.wav,
killedkenny.wav,killedkenny.wav,killedkenny.wav,killedkenny.wav,killedkenny.wav,
yes

killedkenny.wav,killedkenny.wav,killedkenny.wav,killedkenny.wav,killedkenny.wav,
killedkenny.wav,killedkenny.wav,killedkenny.wav,killedkenny.wav,killedkenny.wav,
yes

killedkenny.wav,killedkenny.wav,killedkenny.wav,killedkenny.wav,killedkenny.wav,
killedkenny.wav,killedkenny.wav,killedkenny.wav,killedkenny.wav,killedkenny.wav,
yes